year,constituency,constituency_type,n_member,n_candidates,electors,votes_valid,majority,votes_rejected,ballots_spoiled,voter_turnout,majority_perc,votes_rejected_perc
1955,Bukit Panjang,SMC,1,2,8012,4289,1905,66,7,54.36,44.42,1.52
1955,Bukit Timah,SMC,1,4,9173,6213,1951,59,8,68.37,31.4,0.94
1955,Cairnhill,SMC,1,3,13528,6946,775,65,12,51.83,11.16,0.93
1955,Changi,SMC,1,3,11239,5821,925,70,6,52.42,15.89,1.19
1955,Farrer Park,SMC,1,5,12242,6710,366,93,14,55.57,5.45,1.37
1955,Geylang,SMC,1,4,16604,6693,1370,88,16,40.84,20.47,1.3
1955,Havelock,SMC,1,3,12835,6642,5219,61,7,52.22,78.58,0.91
1955,Kampong Kapor,SMC,1,4,13815,7134,1098,144,4,52.68,15.39,1.98
1955,Katong,SMC,1,3,22196,10250,1715,120,14,46.72,16.73,1.16
1955,Pasir Panjang,SMC,1,4,13812,7851,1176,60,6,57.28,14.98,0.76
1955,Paya Lebar,SMC,1,2,12827,6395,265,99,8,50.63,4.14,1.52
1955,Punggol-Tampines,SMC,1,3,6628,3841,1209,45,4,58.63,31.48,1.16
1955,Queenstown,SMC,1,3,7015,4150,2056,51,3,59.89,49.54,1.21
1955,Rochore,SMC,1,3,12073,6333,1032,81,3,53.13,16.3,1.26
1955,Seletar,SMC,1,4,9402,5564,139,56,4,59.77,2.5,1.0
1955,Sembawang,SMC,1,2,10675,6769,1793,66,25,64.03,26.49,0.97
1955,Serangoon,SMC,1,3,8402,4739,760,53,5,57.03,16.04,1.11
1955,Southern Islands,SMC,1,2,3548,2438,28,38,4,69.79,1.15,1.53
1955,Stamford,SMC,1,4,13207,6246,1410,76,10,47.87,22.57,1.2
1955,Tanglin,SMC,1,3,16177,7037,713,88,8,44.04,10.13,1.24
1955,Tanjong Pagar,SMC,1,3,13430,7697,5121,40,5,57.61,66.53,0.52
1955,Telok Ayer,SMC,1,3,11547,4875,468,76,4,42.88,9.6,1.54
1955,Tiong Bahru,SMC,1,3,12664,5866,164,73,6,46.9,2.8,1.23
1955,Ulu Bedok,SMC,1,3,16903,9372,2722,92,18,55.99,29.04,0.97
1955,Whampoa,SMC,1,3,12345,6453,396,70,14,52.84,6.14,1.07
1959,Aljunied,SMC,1,3,13255,11540,697,173,7,88.37,6.04,1.48
1959,Anson,SMC,1,5,9921,8506,3292,102,3,86.77,38.7,1.18
1959,Bras Basah,SMC,1,3,11193,9508,4021,114,7,85.96,42.29,1.18
1959,Bukit Merah,SMC,1,3,11286,10021,2896,125,0,89.9,28.9,1.23
1959,Bukit Panjang,SMC,1,4,11984,10558,3662,89,5,88.84,34.68,0.84
1959,Bukit Timah,SMC,1,3,11285,10098,3714,92,9,90.3,36.78,0.9
1959,Cairnhill,SMC,1,4,12239,10940,2355,105,7,90.24,21.53,0.95
1959,Changi,SMC,1,5,11199,9913,662,82,1,89.25,6.68,0.82
1959,Choa Chu Kang,SMC,1,3,6889,6282,1973,52,0,91.94,31.41,0.82
1959,Crawford,SMC,1,4,12031,10695,4633,112,15,89.83,43.32,1.04
1959,Delta,SMC,1,4,14954,13392,6993,171,8,90.7,52.22,1.26
1959,Farrer Park,SMC,1,5,10293,9156,245,135,0,90.27,2.68,1.45
1959,Geylang East,SMC,1,3,15562,13770,1378,194,11,89.73,10.01,1.39
1959,Geylang Serai,SMC,1,4,14447,12585,4108,109,6,87.87,32.64,0.86
1959,Geylang West,SMC,1,2,15528,13199,4647,351,8,87.26,35.21,2.59
1959,Havelock,SMC,1,5,15919,14508,5665,142,41,92.03,39.05,0.97
1959,Hong Lim,SMC,1,4,12667,11470,7642,134,4,91.61,66.63,1.15
1959,Jalan Besar,SMC,1,4,13877,12164,5027,133,12,88.61,41.33,1.08
1959,Jalan Kayu,SMC,1,2,8690,7766,1908,78,2,90.26,24.57,0.99
1959,Joo Chiat,SMC,1,5,15257,13377,835,297,5,89.62,6.24,2.17
1959,Jurong,SMC,1,4,7176,6370,3177,106,3,90.25,49.87,1.64
1959,Kallang,SMC,1,3,12936,11811,723,175,3,92.66,6.12,1.46
1959,Kampong Glam,SMC,1,4,10934,9689,4577,103,6,89.56,47.24,1.05
1959,Kampong Kapor,SMC,1,5,12736,11164,2427,291,12,89.94,21.74,2.54
1959,Kampong Kembangan,SMC,1,6,13025,11433,244,119,2,88.69,2.13,1.03
1959,Kreta Ayer,SMC,1,2,14173,12697,5929,298,5,91.69,46.7,2.29
1959,Moulmein,SMC,1,3,10095,9151,369,100,0,91.64,4.03,1.08
1959,Mountbatten,SMC,1,5,10212,8990,888,65,4,88.67,9.88,0.72
1959,Nee Soon,SMC,1,3,8694,7670,4146,94,0,89.3,54.05,1.21
1959,Pasir Panjang,SMC,1,4,6631,5897,239,60,0,89.84,4.05,1.01
1959,Paya Lebar,SMC,1,2,12089,10740,2322,102,2,89.68,21.62,0.94
1959,Punggol,SMC,1,4,9893,8778,417,127,1,90.01,4.75,1.43
1959,Queenstown,SMC,1,3,10634,9851,1569,90,6,93.48,15.93,0.91
1959,River Valley,SMC,1,3,10594,9384,5,150,3,89.99,0.05,1.57
1959,Rochore,SMC,1,3,12436,11141,5783,146,5,90.76,51.91,1.29
1959,Sembawang,SMC,1,4,8859,7892,2750,56,0,89.72,34.85,0.7
1959,Sepoy Lines,SMC,1,2,10347,9172,1532,87,4,89.48,16.7,0.94
1959,Serangoon Gardens,SMC,1,5,8631,7854,1079,80,3,91.92,13.74,1.01
1959,Siglap,SMC,1,7,14693,12832,999,60,57,87.74,7.79,0.47
1959,Southern Islands,SMC,1,3,5325,4835,1373,44,0,91.62,28.4,0.9
1959,Stamford,SMC,1,5,12392,10922,1562,117,5,89.08,14.3,1.06
1959,Tampines,SMC,1,3,11468,10183,5420,151,1,90.11,53.23,1.46
1959,Tanglin,SMC,1,4,9127,7839,312,95,1,86.93,3.98,1.2
1959,Tanjong Pagar,SMC,1,2,11939,10722,4512,148,3,91.05,42.08,1.36
1959,Telok Ayer,SMC,1,4,13998,12425,6266,161,5,89.91,50.43,1.28
1959,Telok Blangah,SMC,1,4,13202,11511,1662,140,7,88.25,14.44,1.2
1959,Thomson,SMC,1,3,10067,9112,2397,98,0,91.49,26.31,1.06
1959,Tiong Bahru,SMC,1,6,12151,10859,2993,122,17,90.37,27.56,1.11
1959,Toa Payoh,SMC,1,2,12551,11193,6193,249,0,91.16,55.33,2.18
1959,Ulu Pandan,SMC,1,7,11017,9727,1320,104,4,89.23,13.57,1.06
1959,Upper Serangoon,SMC,1,4,11279,9979,125,122,0,89.56,1.25,1.21
1963,Aljunied,SMC,1,4,16152,15215,3121,132,3,95.02,20.51,0.86
1963,Anson,SMC,1,6,9192,8436,834,70,4,92.54,9.89,0.82
1963,Bras Basah,SMC,1,5,10678,9510,1095,91,1,89.91,11.51,0.95
1963,Bukit Merah,SMC,1,5,12225,11584,443,110,7,95.66,3.82,0.94
1963,Bukit Panjang,SMC,1,4,12997,12225,739,132,0,95.08,6.04,1.07
1963,Bukit Timah,SMC,1,3,12502,11783,1191,152,0,95.46,10.11,1.27
1963,Cairnhill,SMC,1,3,12340,11659,5306,92,7,95.23,45.51,0.78
1963,Changi,SMC,1,5,11866,11238,1383,105,4,95.59,12.31,0.93
1963,Choa Chu Kang,SMC,1,5,8198,7723,1324,76,2,95.13,17.14,0.97
1963,Crawford,SMC,1,5,10949,10291,193,110,3,94.99,1.88,1.06
1963,Delta,SMC,1,4,14037,13363,63,112,7,96.0,0.47,0.83
1963,Farrer Park,SMC,1,4,10189,9630,2746,74,3,95.24,28.52,0.76
1963,Geylang East,SMC,1,4,16014,15155,1776,147,1,95.55,11.72,0.96
1963,Geylang Serai,SMC,1,4,15302,14001,1703,423,2,94.26,12.16,2.93
1963,Geylang West,SMC,1,4,15386,14413,618,162,4,94.73,4.29,1.11
1963,Havelock,SMC,1,4,15159,14311,2147,176,10,95.57,15.0,1.21
1963,Hong Lim,SMC,1,4,12003,11390,1277,73,6,95.5,11.21,0.64
1963,Jalan Besar,SMC,1,3,13764,12891,1514,201,12,95.12,11.74,1.54
1963,Jalan Kayu,SMC,1,5,9164,8707,636,61,0,95.68,7.3,0.7
1963,Joo Chiat,SMC,1,3,14966,14115,5563,99,3,94.98,39.41,0.7
1963,Jurong,SMC,1,4,7611,7113,1705,96,0,94.72,23.97,1.33
1963,Kallang,SMC,1,5,16974,16240,3264,151,2,96.57,20.1,0.92
1963,Kampong Glam,SMC,1,3,10186,9630,220,108,8,95.6,2.28,1.11
1963,Kampong Kapor,SMC,1,4,11672,10858,399,106,11,93.93,3.67,0.97
1963,Kampong Kembangan,SMC,1,5,15787,14751,3435,163,3,94.47,23.29,1.09
1963,Kreta Ayer,SMC,1,3,13103,12309,4413,166,10,95.21,35.85,1.33
1963,Moulmein,SMC,1,5,10670,10097,2805,79,5,95.37,27.78,0.78
1963,Mountbatten,SMC,1,4,16843,15827,2593,142,4,94.81,16.38,0.89
1963,Nee Soon,SMC,1,5,10064,9574,1585,97,2,96.09,16.56,1.0
1963,Pasir Panjang,SMC,1,4,6721,6355,992,54,1,95.36,15.61,0.84
1963,Paya Lebar,SMC,1,4,13544,12827,750,119,3,95.58,5.85,0.92
1963,Punggol,SMC,1,4,10294,9885,1861,59,0,96.6,18.83,0.59
1963,Queenstown,SMC,1,4,16133,15461,2576,127,13,96.62,16.66,0.81
1963,River Valley,SMC,1,4,10532,9876,2929,104,4,94.76,29.66,1.04
1963,Rochore,SMC,1,3,11698,11008,89,109,3,95.03,0.81,0.98
1963,Sembawang,SMC,1,4,9329,8881,154,49,0,95.72,1.73,0.55
1963,Sepoy Lines,SMC,1,4,10046,9392,1760,81,2,94.3,18.74,0.86
1963,Serangoon Gardens,SMC,1,4,8765,8345,1758,71,8,96.02,21.07,0.84
1963,Siglap,SMC,1,5,15915,15038,6724,90,3,95.05,44.71,0.59
1963,Southern Islands,SMC,1,2,5236,4988,540,60,0,96.41,10.83,1.19
1963,Stamford,SMC,1,4,11628,10853,2062,99,4,94.19,19.0,0.9
1963,Tampines,SMC,1,4,13137,12363,2375,123,3,95.04,19.21,0.99
1963,Tanglin,SMC,1,5,9239,8661,2427,70,4,94.5,28.02,0.8
1963,Tanjong Pagar,SMC,1,4,11395,10720,2780,121,5,95.14,25.93,1.12
1963,Telok Ayer,SMC,1,4,13219,12246,403,152,6,93.79,3.29,1.23
1963,Telok Blangah,SMC,1,4,13263,12428,622,123,4,94.63,5.0,0.98
1963,Thomson,SMC,1,3,11336,10763,1044,119,0,96.0,9.7,1.09
1963,Tiong Bahru,SMC,1,5,12534,11902,1933,84,2,95.63,16.24,0.7
1963,Toa Payoh,SMC,1,4,13394,12620,1807,152,7,95.36,14.32,1.19
1963,Ulu Pandan,SMC,1,4,11866,11146,2033,126,0,94.99,18.24,1.12
1963,Upper Serangoon,SMC,1,5,12433,11758,3103,95,8,95.33,26.39,0.8
1968,Alexandra,SMC,1,1,13317,0,0,0,0,,,
1968,Aljunied,SMC,1,1,14472,0,0,0,0,,,
1968,Anson,SMC,1,1,8764,0,0,0,0,,,
1968,Bras Basah,SMC,1,1,9718,0,0,0,0,,,
1968,Bukit Ho Swee,SMC,1,1,17735,0,0,0,0,,,
1968,Bukit Merah,SMC,1,1,19319,0,0,0,0,,,
1968,Bukit Panjang,SMC,1,1,17893,0,0,0,0,,,
1968,Bukit Timah,SMC,1,1,16769,0,0,0,0,,,
1968,Cairnhill,SMC,1,1,12287,0,0,0,0,,,
1968,Changi,SMC,1,1,15594,0,0,0,0,,,
1968,Chua Chu Kang,SMC,1,1,12879,0,0,0,0,,,
1968,Crawford,SMC,1,1,7190,0,0,0,0,,,
1968,Delta,SMC,1,1,17715,0,0,0,0,,,
1968,Farrer Park,SMC,1,2,10290,9217,6435,192,1,91.44,69.82,2.04
1968,Geylang East,SMC,1,1,16185,0,0,0,0,,,
1968,Geylang Serai,SMC,1,2,12741,11279,7447,308,7,90.94,66.03,2.66
1968,Geylang West,SMC,1,1,14609,0,0,0,0,,,
1968,Havelock,SMC,1,1,11049,0,0,0,0,,,
1968,Hong Lim,SMC,1,1,10388,0,0,0,0,,,
1968,Jalan Besar,SMC,1,1,11400,0,0,0,0,,,
1968,Jalan Kayu,SMC,1,2,12878,11641,7521,334,2,92.99,64.61,2.79
1968,Joo Chiat,SMC,1,1,12335,0,0,0,0,,,
1968,Jurong,SMC,1,1,11445,0,0,0,0,,,
1968,Kallang,SMC,1,1,9309,0,0,0,0,,,
1968,Kampong Chai Chee,SMC,1,1,17636,0,0,0,0,,,
1968,Kampong Glam,SMC,1,1,9484,0,0,0,0,,,
1968,Kampong Kapor,SMC,1,1,10818,0,0,0,0,,,
1968,Kampong Kembangan,SMC,1,1,15862,0,0,0,0,,,
1968,Kampong Ubi,SMC,1,2,13434,11966,7628,329,4,91.52,63.75,2.68
1968,Katong,SMC,1,1,14872,0,0,0,0,,,
1968,Kreta Ayer,SMC,1,1,11575,0,0,0,0,,,
1968,MacPherson,SMC,1,1,13099,0,0,0,0,,,
1968,Moulmein,SMC,1,2,11888,10684,8666,259,3,92.05,81.11,2.37
1968,Mountbatten,SMC,1,1,12760,0,0,0,0,,,
1968,Nee Soon,SMC,1,2,12846,11431,9453,410,5,92.18,82.7,3.46
1968,Pasir Panjang,SMC,1,1,12394,0,0,0,0,,,
1968,Paya Lebar,SMC,1,1,17573,0,0,0,0,,,
1968,Potong Pasir,SMC,1,1,11782,0,0,0,0,,,
1968,Punggol,SMC,1,1,12277,0,0,0,0,,,
1968,Queenstown,SMC,1,1,16193,0,0,0,0,,,
1968,River Valley,SMC,1,1,10865,0,0,0,0,,,
1968,Rochore,SMC,1,1,12222,0,0,0,0,,,
1968,Sembawang,SMC,1,1,11220,0,0,0,0,,,
1968,Sepoy Lines,SMC,1,1,11409,0,0,0,0,,,
1968,Serangoon Gardens,SMC,1,1,9454,0,0,0,0,,,
1968,Siglap,SMC,1,1,11627,0,0,0,0,,,
1968,Stamford,SMC,1,1,9919,0,0,0,0,,,
1968,Tampines,SMC,1,1,12703,0,0,0,0,,,
1968,Tanglin,SMC,1,1,10760,0,0,0,0,,,
1968,Tanjong Pagar,SMC,1,2,10806,9676,8580,226,10,91.63,88.67,2.28
1968,Telok Ayer,SMC,1,1,11721,0,0,0,0,,,
1968,Telok Blangah,SMC,1,1,14785,0,0,0,0,,,
1968,Thomson,SMC,1,1,15911,0,0,0,0,,,
1968,Tiong Bahru,SMC,1,1,16532,0,0,0,0,,,
1968,Toa Payoh,SMC,1,1,19143,0,0,0,0,,,
1968,Ulu Pandan,SMC,1,1,13289,0,0,0,0,,,
1968,Upper Serangoon,SMC,1,1,13373,0,0,0,0,,,
1968,Whampoa,SMC,1,1,12854,0,0,0,0,,,
1972,Alexandra,SMC,1,3,24499,23174,14183,272,11,95.7,61.2,1.16
1972,Aljunied,SMC,1,3,19278,17983,8501,268,6,94.67,47.27,1.47
1972,Anson,SMC,1,3,8171,6762,3736,137,2,84.43,55.25,1.99
1972,Boon Teck,SMC,1,2,15958,14901,4993,314,8,95.34,33.51,2.06
1972,Bras Basah,SMC,1,1,8323,0,0,0,0,,,
1972,Bukit Batok,SMC,1,2,14563,13236,6294,387,16,93.55,47.55,2.84
1972,Bukit Ho Swee,SMC,1,3,12212,11432,5653,194,5,95.2,49.45,1.67
1972,Bukit Merah,SMC,1,3,13960,13044,7002,221,8,95.02,53.68,1.67
1972,Bukit Panjang,SMC,1,3,15461,14083,6031,327,6,93.2,42.82,2.27
1972,Bukit Timah,SMC,1,2,15476,14189,4761,409,4,94.33,33.55,2.8
1972,Cairnhill,SMC,1,2,11952,10452,6464,218,13,89.27,61.84,2.04
1972,Changi,SMC,1,3,18297,16841,5595,318,5,93.78,33.22,1.85
1972,Chua Chu Kang,SMC,1,2,15669,14436,3568,467,8,95.11,24.72,3.13
1972,Crawford,SMC,1,3,9285,8319,4475,205,5,91.8,53.79,2.4
1972,Delta,SMC,1,3,13781,12937,6963,205,7,95.36,53.82,1.56
1972,Farrer Park,SMC,1,3,12707,11543,5853,197,8,92.39,50.71,1.68
1972,Geylang East,SMC,1,3,16580,15088,4741,287,11,92.73,31.42,1.87
1972,Geylang Serai,SMC,1,3,13837,12522,1733,279,4,92.51,13.84,2.18
1972,Geylang West,SMC,1,2,11653,10566,4074,240,12,92.73,38.56,2.22
1972,Havelock,SMC,1,2,10849,9843,4459,202,12,92.59,45.3,2.01
1972,Henderson,SMC,1,2,9431,8837,4317,211,12,95.94,48.85,2.33
1972,Hong Lim,SMC,1,2,7486,6552,3118,148,3,89.5,47.59,2.21
1972,Jalan Besar,SMC,1,2,10310,9294,6294,220,0,92.28,67.72,2.31
1972,Jalan Kayu,SMC,1,3,14982,13938,3146,210,3,94.43,22.57,1.48
1972,Joo Chiat,SMC,1,2,15684,13976,9362,272,9,90.84,66.99,1.91
1972,Jurong,SMC,1,2,15348,14053,7429,484,4,94.72,52.86,3.33
1972,Kallang,SMC,1,2,17232,15831,9421,386,0,94.11,59.51,2.38
1972,Kampong Chai Chee,SMC,1,3,15564,14236,3270,270,3,93.2,22.97,1.86
1972,Kampong Glam,SMC,1,1,7542,0,0,0,0,,,
1972,Kampong Kapor,SMC,1,2,9361,8383,3881,220,2,91.9,46.3,2.56
1972,Kampong Kembangan,SMC,1,3,18480,16809,4220,236,8,92.23,25.11,1.38
1972,Kampong Ubi,SMC,1,3,15431,14123,2954,243,7,93.1,20.92,1.69
1972,Katong,SMC,1,1,16766,0,0,0,0,,,
1972,Kim Keat,SMC,1,3,14640,13867,7240,186,7,95.99,52.21,1.32
1972,Kim Seng,SMC,1,2,12893,12073,4283,226,7,95.39,35.48,1.84
1972,Kreta Ayer,SMC,1,1,9627,0,0,0,0,,,
1972,Kuo Chuan,SMC,1,2,15142,14280,6766,296,4,96.26,47.38,2.03
1972,Leng Kee,SMC,1,3,17158,16007,6893,240,4,94.69,43.06,1.48
1972,MacPherson,SMC,1,2,15637,14714,5520,238,5,95.62,37.52,1.59
1972,Moulmein,SMC,1,2,11144,10234,4590,194,8,93.58,44.85,1.86
1972,Mountbatten,SMC,1,1,14396,0,0,0,0,,,
1972,Nee Soon,SMC,1,2,17061,15876,7396,403,1,95.42,46.59,2.48
1972,Pasir Panjang,SMC,1,2,13964,12832,5586,272,9,93.84,43.53,2.08
1972,Paya Lebar,SMC,1,3,19102,17979,5712,332,5,95.86,31.77,1.81
1972,Potong Pasir,SMC,1,3,13103,11736,4381,254,2,91.51,37.33,2.12
1972,Punggol,SMC,1,2,15303,14132,2298,329,4,94.5,16.26,2.28
1972,Queenstown,SMC,1,3,18458,17479,11696,223,4,95.9,66.91,1.26
1972,River Valley,SMC,1,1,12189,0,0,0,0,,,
1972,Rochore,SMC,1,2,11589,10294,2142,258,6,91.05,20.81,2.45
1972,Sembawang,SMC,1,2,12217,10944,5988,307,0,92.09,54.71,2.73
1972,Sepoy Lines,SMC,1,2,12308,11267,7053,229,3,93.4,62.6,1.99
1972,Serangoon Gardens,SMC,1,1,13836,0,0,0,0,,,
1972,Siglap,SMC,1,3,16091,14569,8927,275,1,92.25,61.27,1.85
1972,Stamford,SMC,1,2,8212,7082,3084,200,1,88.68,43.55,2.75
1972,Tampines,SMC,1,2,15302,14074,4024,436,8,94.82,28.59,3.0
1972,Tanglin,SMC,1,1,12777,0,0,0,0,,,
1972,Tanjong Pagar,SMC,1,2,9946,8970,6114,172,12,91.92,68.16,1.88
1972,Telok Ayer,SMC,1,2,10547,9064,6160,184,11,87.68,67.96,1.99
1972,Telok Blangah,SMC,1,3,14624,13241,2955,196,10,91.88,22.32,1.46
1972,Thomson,SMC,1,2,18702,17061,7695,377,6,93.24,45.1,2.16
1972,Tiong Bahru,SMC,1,3,17394,15857,9019,251,0,92.61,56.88,1.56
1972,Toa Payoh,SMC,1,2,15742,14737,7031,283,7,95.41,47.71,1.88
1972,Ulu Pandan,SMC,1,2,14485,13056,5700,257,6,91.91,43.66,1.93
1972,Upper Serangoon,SMC,1,2,16621,15263,8461,331,7,93.82,55.43,2.12
1972,Whampoa,SMC,1,2,12044,11168,6378,233,2,94.66,57.11,2.04
1976,Alexandra,SMC,1,2,17367,16354,8472,257,0,95.65,51.8,1.55
1976,Aljunied,SMC,1,2,17461,16333,8127,312,0,95.33,49.76,1.87
1976,Ang Mo Kio,SMC,1,1,14264,0,0,0,0,,,
1976,Anson,SMC,1,1,12755,0,0,0,0,,,
1976,Bedok,SMC,1,2,11310,10746,5110,243,2,97.16,47.55,2.21
1976,Boon Lay,SMC,1,2,15496,14719,8779,353,1,97.26,59.64,2.34
1976,Boon Teck,SMC,1,2,18872,17656,7740,441,4,95.89,43.84,2.44
1976,Braddell Heights,SMC,1,1,14031,0,0,0,0,,,
1976,Brickworks,SMC,1,2,14062,13341,6401,216,0,96.41,47.98,1.59
1976,Bukit Batok,SMC,1,2,15650,14445,9987,465,4,95.27,69.14,3.12
1976,Bukit Ho Swee,SMC,1,2,13686,12858,6044,307,1,96.19,47.01,2.33
1976,Bukit Merah,SMC,1,2,17538,16727,8823,267,17,96.9,52.75,1.57
1976,Bukit Panjang,SMC,1,2,18906,17598,6136,438,6,95.4,34.87,2.43
1976,Bukit Timah,SMC,1,1,13132,0,0,0,0,,,
1976,Buona Vista,SMC,1,2,16267,15353,10055,399,3,96.83,65.49,2.53
1976,Cairnhill,SMC,1,2,13419,11705,4253,251,6,89.1,36.33,2.1
1976,Changi,SMC,1,2,17827,16575,7501,393,6,95.18,45.25,2.32
1976,Chua Chu Kang,SMC,1,2,18136,17076,6404,609,2,97.51,37.5,3.44
1976,Delta,SMC,1,2,14821,13922,7350,327,1,96.14,52.79,2.29
1976,Farrer Park,SMC,1,1,11949,0,0,0,0,,,
1976,Geylang East,SMC,1,2,14738,13731,5079,283,20,95.09,36.99,2.02
1976,Geylang Serai,SMC,1,3,14178,13235,5651,308,2,95.52,42.7,2.27
1976,Geylang West,SMC,1,2,18101,16734,7090,609,7,95.81,42.37,3.51
1976,Havelock,SMC,1,2,12492,11666,6834,267,0,95.53,58.58,2.24
1976,Henderson,SMC,1,2,18182,17195,8519,349,7,96.49,49.54,1.99
1976,Jalan Besar,SMC,1,1,14933,0,0,0,0,,,
1976,Jalan Kayu,SMC,1,2,15447,14427,3339,275,0,95.18,23.14,1.87
1976,Joo Chiat,SMC,1,2,14241,12848,6354,283,5,92.21,49.46,2.16
1976,Jurong,SMC,1,1,18310,0,0,0,0,,,
1976,Kallang,SMC,1,2,17282,15998,7648,426,0,95.04,47.81,2.59
1976,Kampong Chai Chee,SMC,1,2,19126,17906,3552,338,3,95.39,19.84,1.85
1976,Kampong Glam,SMC,1,2,18439,16355,9873,432,4,91.04,60.37,2.57
1976,Kampong Kembangan,SMC,1,2,13720,12539,3517,218,3,92.98,28.05,1.71
1976,Kampong Ubi,SMC,1,2,20811,19342,7140,420,12,94.96,36.91,2.13
1976,Katong,SMC,1,2,15861,14074,7368,395,11,91.22,52.35,2.73
1976,Khe Bong,SMC,1,2,15677,14732,7168,332,7,96.09,48.66,2.2
1976,Kim Keat,SMC,1,2,19700,18615,9909,356,0,96.3,53.23,1.88
1976,Kim Seng,SMC,1,2,14860,14134,7816,313,0,97.22,55.3,2.17
1976,Kolam Ayer,SMC,1,2,19371,18182,8168,482,0,96.35,44.92,2.58
1976,Kreta Ayer,SMC,1,1,12199,0,0,0,0,,,
1976,Kuo Chuan,SMC,1,2,16990,16031,7831,311,5,96.19,48.85,1.9
1976,Leng Kee,SMC,1,2,18475,17399,9313,357,16,96.11,53.53,2.01
1976,MacPherson,SMC,1,1,18716,0,0,0,0,,,
1976,Marine Parade,SMC,1,2,19528,18340,10496,439,6,96.16,57.23,2.34
1976,Moulmein,SMC,1,3,12654,11784,5805,243,28,95.05,49.26,2.02
1976,Mountbatten,SMC,1,2,15440,14290,4534,417,7,95.25,31.73,2.84
1976,Nee Soon,SMC,1,1,16143,0,0,0,0,,,
1976,Pasir Panjang,SMC,1,2,12142,11314,4962,215,3,94.95,43.86,1.86
1976,Paya Lebar,SMC,1,2,15648,14461,5067,373,4,94.8,35.04,2.51
1976,Potong Pasir,SMC,1,2,14167,12919,6415,336,6,93.56,49.66,2.53
1976,Punggol,SMC,1,2,20444,19247,7473,449,4,96.34,38.83,2.28
1976,Queenstown,SMC,1,1,16926,0,0,0,0,,,
1976,Radin Mas,SMC,1,2,18418,17509,8983,370,2,97.07,51.31,2.07
1976,River Valley,SMC,1,2,17022,14980,9532,377,0,90.22,63.63,2.45
1976,Rochore,SMC,1,2,15424,13821,4285,351,13,91.88,31.0,2.48
1976,Sembawang,SMC,1,2,17695,16346,10976,421,10,94.76,67.15,2.51
1976,Serangoon Gardens,SMC,1,2,12115,10868,4074,170,3,91.11,37.49,1.54
1976,Siglap,SMC,1,2,13849,12447,7019,326,10,92.23,56.39,2.55
1976,Tampines,SMC,1,1,15559,0,0,0,0,,,
1976,Tanglin,SMC,1,1,13520,0,0,0,0,,,
1976,Tanjong Pagar,SMC,1,2,12147,11228,8764,251,4,94.5,78.05,2.19
1976,Telok Ayer,SMC,1,1,15515,0,0,0,0,,,
1976,Telok Blangah,SMC,1,1,14225,0,0,0,0,,,
1976,Thomson,SMC,1,2,15609,14350,6922,397,7,94.48,48.24,2.69
1976,Tiong Bahru,SMC,1,2,19589,18348,12148,393,6,95.67,66.21,2.1
1976,Toa Payoh,SMC,1,2,13933,13083,6183,272,3,95.85,47.26,2.04
1976,Ulu Pandan,SMC,1,1,16343,0,0,0,0,,,
1976,Upper Serangoon,SMC,1,2,13705,12612,7352,332,2,94.45,58.29,2.56
1976,Whampoa,SMC,1,2,19259,18074,11198,394,35,95.89,61.96,2.13
1980,Alexandra,SMC,1,1,18163,0,0,0,0,,,
1980,Aljunied,SMC,1,2,17017,15738,10888,453,1,95.15,69.18,2.8
1980,Ang Mo Kio,SMC,1,2,22542,21266,13606,609,8,97.04,63.98,2.78
1980,Anson,SMC,1,2,15077,13751,9377,473,1,94.34,68.19,3.33
1980,Ayer Rajah,SMC,1,2,15787,14870,9930,429,5,96.91,66.78,2.8
1980,Bedok,SMC,1,3,20852,19580,11164,487,10,96.24,57.02,2.43
1980,Boon Lay,SMC,1,2,21317,20225,9785,527,7,97.35,48.38,2.54
1980,Boon Teck,SMC,1,2,18705,17488,6346,383,19,95.54,36.29,2.14
1980,Braddell Heights,SMC,1,1,14519,0,0,0,0,,,
1980,Brickworks,SMC,1,1,13054,0,0,0,0,,,
1980,Bukit Batok,SMC,1,1,18275,0,0,0,0,,,
1980,Bukit Ho Swee,SMC,1,1,12435,0,0,0,0,,,
1980,Bukit Merah,SMC,1,1,19046,0,0,0,0,,,
1980,Bukit Panjang,SMC,1,2,23305,21269,15751,750,21,94.48,74.06,3.41
1980,Bukit Timah,SMC,1,1,15334,0,0,0,0,,,
1980,Buona Vista,SMC,1,1,17287,0,0,0,0,,,
1980,Cairnhill,SMC,1,2,18133,15942,6946,331,4,89.74,43.57,2.03
1980,Changi,SMC,1,1,25464,0,0,0,0,,,
1980,Cheng San,SMC,1,2,17044,16223,8401,451,3,97.83,51.78,2.7
1980,Chong Boon,SMC,1,1,13877,0,0,0,0,,,
1980,Chua Chu Kang,SMC,1,1,22363,0,0,0,0,,,
1980,Clementi,SMC,1,2,15129,14238,10086,527,3,97.59,70.84,3.57
1980,Delta,SMC,1,1,14830,0,0,0,0,,,
1980,Geylang Serai,SMC,1,2,19962,18329,8061,503,3,94.34,43.98,2.67
1980,Geylang West,SMC,1,2,22298,20579,14591,694,5,95.4,70.9,3.26
1980,Havelock,SMC,1,1,12524,0,0,0,0,,,
1980,Henderson,SMC,1,2,18353,17260,9466,379,0,96.11,54.84,2.15
1980,Jalan Besar,SMC,1,1,15058,0,0,0,0,,,
1980,Jalan Kayu,SMC,1,2,23766,22130,8420,575,3,95.54,38.05,2.53
1980,Joo Chiat,SMC,1,2,12805,11515,5569,259,0,91.95,48.36,2.2
1980,Jurong,SMC,1,1,18658,0,0,0,0,,,
1980,Kaki Bukit,SMC,1,3,21318,20118,10478,548,0,96.94,52.08,2.65
1980,Kallang,SMC,1,1,16222,0,0,0,0,,,
1980,Kampong Chai Chee,SMC,1,2,20237,18986,11856,549,0,96.53,62.45,2.81
1980,Kampong Glam,SMC,1,1,17241,0,0,0,0,,,
1980,Kampong Kembangan,SMC,1,2,15854,14217,8171,468,6,92.63,57.47,3.19
1980,Kampong Ubi,SMC,1,3,16250,15028,8289,439,3,95.18,55.16,2.84
1980,Katong,SMC,1,1,12041,0,0,0,0,,,
1980,Kebun Baru,SMC,1,3,17709,16458,11749,511,8,95.82,71.39,3.01
1980,Khe Bong,SMC,1,2,15425,14495,6499,322,6,96.06,44.84,2.17
1980,Kim Keat,SMC,1,1,20781,0,0,0,0,,,
1980,Kim Seng,SMC,1,2,14734,13791,8427,378,3,96.17,61.11,2.67
1980,Kolam Ayer,SMC,1,2,22775,21150,12840,678,2,95.84,60.71,3.11
1980,Kreta Ayer,SMC,1,1,11973,0,0,0,0,,,
1980,Kuo Chuan,SMC,1,2,17471,16303,8453,421,9,95.72,51.85,2.52
1980,Leng Kee,SMC,1,1,15166,0,0,0,0,,,
1980,MacPherson,SMC,1,2,18997,17586,12974,510,3,95.26,73.77,2.82
1980,Marine Parade,SMC,1,1,21903,0,0,0,0,,,
1980,Moulmein,SMC,1,1,16999,0,0,0,0,,,
1980,Mountbatten,SMC,1,1,14045,0,0,0,0,,,
1980,Nee Soon,SMC,1,1,16817,0,0,0,0,,,
1980,Pasir Panjang,SMC,1,2,17743,16294,7354,445,7,94.34,45.13,2.66
1980,Paya Lebar,SMC,1,1,11666,0,0,0,0,,,
1980,Potong Pasir,SMC,1,2,10068,9330,1688,156,3,94.22,18.09,1.64
1980,Punggol,SMC,1,2,23333,21688,12518,809,11,96.42,57.72,3.6
1980,Queenstown,SMC,1,1,17450,0,0,0,0,,,
1980,Radin Mas,SMC,1,2,18854,17691,4979,424,8,96.08,28.14,2.34
1980,River Valley,SMC,1,1,14950,0,0,0,0,,,
1980,Rochore,SMC,1,1,14705,0,0,0,0,,,
1980,Sembawang,SMC,1,2,17785,16450,10380,482,8,95.2,63.1,2.85
1980,Serangoon Gardens,SMC,1,1,16973,0,0,0,0,,,
1980,Siglap,SMC,1,2,16675,14842,8286,449,2,91.7,55.83,2.94
1980,Tampines,SMC,1,2,18982,17534,12596,574,0,95.4,71.84,3.17
1980,Tanah Merah,SMC,1,1,15711,0,0,0,0,,,
1980,Tanglin,SMC,1,1,13332,0,0,0,0,,,
1980,Tanjong Pagar,SMC,1,3,13765,12648,11175,293,11,94.01,88.35,2.26
1980,Telok Ayer,SMC,1,1,12381,0,0,0,0,,,
1980,Telok Blangah,SMC,1,2,18314,17328,1046,264,4,96.06,6.04,1.5
1980,Thomson,SMC,1,1,14786,0,0,0,0,,,
1980,Tiong Bahru,SMC,1,1,18077,0,0,0,0,,,
1980,Toa Payoh,SMC,1,2,13799,12866,6878,344,4,95.73,53.46,2.6
1980,Ulu Pandan,SMC,1,1,22048,0,0,0,0,,,
1980,West Coast,SMC,1,2,18949,17986,12384,469,6,97.39,68.85,2.54
1980,Whampoa,SMC,1,1,19131,0,0,0,0,,,
1980,Yio Chu Kang,SMC,1,2,14012,13260,9954,380,3,97.35,75.07,2.79
1984,Alexandra,SMC,1,2,19670,18225,6119,411,8,94.74,33.57,2.21
1984,Aljunied,SMC,1,1,19045,0,0,0,0,,,
1984,Ang Mo Kio,SMC,1,2,14633,13620,6198,589,10,97.1,45.51,4.15
1984,Anson,SMC,1,2,18493,17442,2376,322,5,96.06,13.62,1.81
1984,Ayer Rajah,SMC,1,2,20017,18625,9475,695,0,96.52,50.87,3.6
1984,Bedok,SMC,1,2,17074,15913,6031,556,12,96.46,37.9,3.38
1984,Bo Wen,SMC,1,2,14777,13787,6811,512,7,96.77,49.4,3.58
1984,Boon Lay,SMC,1,2,18964,17933,7047,530,3,97.36,39.3,2.87
1984,Boon Teck,SMC,1,2,19490,18206,2242,404,0,95.48,12.31,2.17
1984,Braddell Heights,SMC,1,1,14152,0,0,0,0,,,
1984,Brickworks,SMC,1,2,13571,12659,4119,292,2,95.43,32.54,2.25
1984,Bukit Batok,SMC,1,2,20812,18866,10668,740,13,94.21,56.55,3.77
1984,Bukit Merah,SMC,1,1,19210,0,0,0,0,,,
1984,Bukit Panjang,SMC,1,1,23173,0,0,0,0,,,
1984,Bukit Timah,SMC,1,1,17238,0,0,0,0,,,
1984,Buona Vista,SMC,1,1,18041,0,0,0,0,,,
1984,Cairnhill,SMC,1,1,15862,0,0,0,0,,,
1984,Changi,SMC,1,2,20129,18548,5842,557,6,94.91,31.5,2.92
1984,Changkat,SMC,1,2,18742,17607,3013,418,4,96.17,17.11,2.32
1984,Cheng San,SMC,1,1,17328,0,0,0,0,,,
1984,Chong Boon,SMC,1,2,20650,19739,2377,368,14,97.37,12.04,1.83
1984,Chua Chu Kang,SMC,1,3,25532,24170,2534,557,0,96.85,10.48,2.25
1984,Clementi,SMC,1,1,20890,0,0,0,0,,,
1984,Delta,SMC,1,2,14800,13601,2373,401,6,94.61,17.45,2.86
1984,Eunos,SMC,1,2,17615,16191,4797,805,5,96.49,29.63,4.74
1984,Fengshan,SMC,1,2,18407,17221,5211,516,5,96.36,30.26,2.91
1984,Geylang Serai,SMC,1,2,24109,22213,6915,743,11,95.22,31.13,3.24
1984,Geylang West,SMC,1,2,22325,20645,6951,768,20,95.91,33.67,3.59
1984,Henderson,SMC,1,2,17630,16488,2902,410,11,95.85,17.6,2.43
1984,Hong Kah,SMC,1,1,22062,0,0,0,0,,,
1984,Jalan Besar,SMC,1,2,16115,14336,4136,472,20,91.89,28.85,3.19
1984,Jalan Kayu,SMC,1,2,25011,23399,571,509,6,95.59,2.44,2.13
1984,Joo Chiat,SMC,1,1,18957,0,0,0,0,,,
1984,Jurong,SMC,1,1,24517,0,0,0,0,,,
1984,Kaki Bukit,SMC,1,2,20683,19565,893,441,15,96.73,4.56,2.2
1984,Kallang,SMC,1,2,18809,17331,5181,471,7,94.65,29.89,2.65
1984,Kampong Chai Chee,SMC,1,2,22537,21212,3038,510,15,96.38,14.32,2.35
1984,Kampong Glam,SMC,1,1,18127,0,0,0,0,,,
1984,Kampong Kembangan,SMC,1,2,20295,18536,2116,465,13,93.62,11.42,2.45
1984,Kampong Ubi,SMC,1,2,14323,13146,3610,493,12,95.22,27.46,3.61
1984,Kebun Baru,SMC,1,2,17542,16232,8390,717,5,96.62,51.69,4.23
1984,Khe Bong,SMC,1,2,15773,14746,3696,389,1,95.96,25.06,2.57
1984,Kim Keat,SMC,1,1,20439,0,0,0,0,,,
1984,Kim Seng,SMC,1,1,22136,0,0,0,0,,,
1984,Kolam Ayer,SMC,1,2,23630,22123,3501,526,13,95.85,15.83,2.32
1984,Kreta Ayer,SMC,1,2,15982,13325,8841,488,4,86.43,66.35,3.53
1984,Kuo Chuan,SMC,1,2,18728,17291,5033,522,4,95.11,29.11,2.93
1984,Leng Kee,SMC,1,2,14805,13749,4631,282,0,94.77,33.68,2.01
1984,MacPherson,SMC,1,1,19500,0,0,0,0,,,
1984,Marine Parade,SMC,1,2,23622,21470,8986,736,12,94.01,41.85,3.31
1984,Moulmein,SMC,1,1,18893,0,0,0,0,,,
1984,Mountbatten,SMC,1,2,21480,19769,12385,736,11,95.46,62.65,3.59
1984,Nee Soon,SMC,1,2,26897,24845,12043,944,7,95.88,48.47,3.66
1984,Pasir Panjang,SMC,1,3,17149,15697,3294,378,4,93.74,20.98,2.35
1984,Paya Lebar,SMC,1,1,18420,0,0,0,0,,,
1984,Potong Pasir,SMC,1,2,17915,16802,3454,276,0,95.33,20.56,1.62
1984,Punggol,SMC,1,2,24727,22899,6909,870,4,96.13,30.17,3.66
1984,Queenstown,SMC,1,1,18084,0,0,0,0,,,
1984,Radin Mas,SMC,1,2,19770,18587,1407,330,9,95.69,7.57,1.74
1984,River Valley,SMC,1,1,13481,0,0,0,0,,,
1984,Rochore,SMC,1,1,14164,0,0,0,0,,,
1984,Sembawang,SMC,1,2,22326,20600,11296,704,0,95.42,54.83,3.3
1984,Serangoon Gardens,SMC,1,1,17553,0,0,0,0,,,
1984,Siglap,SMC,1,1,17090,0,0,0,0,,,
1984,Tampines,SMC,1,2,19656,18195,8131,865,10,96.97,44.69,4.54
1984,Tanah Merah,SMC,1,2,17808,16294,5892,533,3,94.49,36.16,3.17
1984,Tanglin,SMC,1,1,15990,0,0,0,0,,,
1984,Tanjong Pagar,SMC,1,1,15812,0,0,0,0,,,
1984,Teck Ghee,SMC,1,2,16866,15917,9671,487,10,97.26,60.76,2.97
1984,Telok Ayer,SMC,1,1,13984,0,0,0,0,,,
1984,Telok Blangah,SMC,1,2,19550,18449,1851,322,2,96.02,10.03,1.72
1984,Thomson,SMC,1,1,15271,0,0,0,0,,,
1984,Tiong Bahru,SMC,1,1,20091,0,0,0,0,,,
1984,Toa Payoh,SMC,1,2,14177,13135,3983,433,10,95.7,30.32,3.19
1984,Ulu Pandan,SMC,1,1,22761,0,0,0,0,,,
1984,West Coast,SMC,1,2,28008,26076,13414,884,3,96.26,51.44,3.28
1984,Whampoa,SMC,1,1,18494,0,0,0,0,,,
1984,Yio Chu Kang,SMC,1,2,16734,15624,8330,657,1,97.29,53.32,4.04
1984,Yuhua,SMC,1,2,16266,15547,3555,350,12,97.73,22.87,2.2
1988,Aljunied,GRC,3,2,65351,60395,7645,1197,21,94.25,12.66,1.94
1988,Ang Mo Kio,SMC,1,2,21744,20409,6321,621,4,96.72,30.97,2.95
1988,Ayer Rajah,SMC,1,2,22532,21313,8335,429,3,96.49,39.11,1.97
1988,Bedok,GRC,3,2,54969,51469,5063,1024,4,95.5,9.84,1.95
1988,Boon Lay,SMC,1,2,16646,15725,6909,457,6,97.21,43.94,2.82
1988,Braddell Heights,SMC,1,2,27019,25274,4450,417,4,95.08,17.61,1.62
1988,Brickworks,GRC,3,2,43117,39847,13893,710,0,94.06,34.87,1.75
1988,Bukit Batok,SMC,1,2,24138,23012,2734,381,11,96.91,11.88,1.63
1988,Bukit Gombak,SMC,1,2,25221,23685,1637,401,11,95.5,6.91,1.66
1988,Bukit Merah,SMC,1,2,14723,13491,5337,230,2,93.19,39.56,1.68
1988,Bukit Panjang,SMC,1,3,33824,31968,8450,599,10,96.28,26.43,1.84
1988,Bukit Timah,SMC,1,1,20222,0,0,0,0,,,
1988,Buona Vista,SMC,1,3,15850,14345,3822,181,4,91.65,26.64,1.25
1988,Cairnhill,SMC,1,2,23197,19973,5585,399,17,87.82,27.96,1.96
1988,Changi,SMC,1,2,17145,15829,2967,388,1,94.59,18.74,2.39
1988,Cheng San,GRC,3,1,56352,0,0,0,0,,,
1988,Chua Chu Kang,SMC,1,2,19628,18655,3461,427,10,97.22,18.55,2.24
1988,Eunos,GRC,3,2,75723,71721,1279,1344,8,96.49,1.78,1.84
1988,Fengshan,SMC,1,2,17389,16414,2600,350,4,96.41,15.84,2.09
1988,Hong Kah,GRC,3,1,67431,0,0,0,0,,,
1988,Hougang,SMC,1,2,21703,20325,3641,548,6,96.18,17.91,2.63
1988,Jalan Besar,GRC,3,2,54941,50418,12790,1264,0,94.07,25.37,2.45
1988,Jurong,SMC,1,2,21420,19648,9890,443,4,93.8,50.34,2.2
1988,Kallang,SMC,1,2,21245,19804,6390,445,2,95.31,32.27,2.2
1988,Kampong Glam,SMC,1,3,21773,18605,6725,354,203,87.08,36.15,1.87
1988,Kebun Baru,SMC,1,2,22515,20879,10589,564,11,95.24,50.72,2.63
1988,Kim Keat,SMC,1,2,15850,14581,6707,329,11,94.07,46.0,2.21
1988,Kim Seng,SMC,1,2,18474,17130,5790,399,0,94.88,33.8,2.28
1988,Kreta Ayer,SMC,1,2,21470,18665,7651,404,14,88.82,40.99,2.12
1988,Leng Kee,SMC,1,2,21964,20526,6142,398,11,95.26,29.92,1.9
1988,MacPherson,SMC,1,2,17063,15843,5063,354,8,94.92,31.96,2.19
1988,Marine Parade,GRC,3,2,62385,55985,26665,1809,21,92.64,47.63,3.13
1988,Moulmein,SMC,1,2,19229,17151,5517,492,7,91.75,32.17,2.79
1988,Mountbatten,SMC,1,2,17747,16266,9158,643,5,95.28,56.3,3.8
1988,Nee Soon Central,SMC,1,3,24403,23254,4452,416,4,97.0,19.15,1.76
1988,Nee Soon South,SMC,1,3,22542,21258,7260,452,9,96.31,34.15,2.08
1988,Pasir Panjang,GRC,3,2,66600,62604,14486,1067,23,95.6,23.14,1.68
1988,Paya Lebar,SMC,1,2,25076,23592,1112,372,19,95.57,4.71,1.55
1988,Potong Pasir,SMC,1,2,19852,18697,4911,237,3,95.38,26.27,1.25
1988,Punggol,SMC,1,2,31577,29931,5897,732,0,97.11,19.7,2.39
1988,Sembawang,GRC,3,2,55633,51590,20718,2006,19,96.34,40.16,3.74
1988,Serangoon Gardens,SMC,1,2,24831,21888,10580,840,10,91.53,48.34,3.7
1988,Siglap,SMC,1,2,18650,16412,7790,404,1,90.17,47.47,2.4
1988,Tampines,GRC,3,2,65148,61012,13420,1804,16,96.42,22.0,2.87
1988,Tanglin,SMC,1,1,17497,0,0,0,0,,,
1988,Tanjong Pagar,SMC,1,2,19041,17210,10876,475,9,92.88,63.2,2.69
1988,Teck Ghee,SMC,1,2,15510,14549,8475,403,3,96.4,58.25,2.7
1988,Telok Blangah,SMC,1,2,18609,17380,4940,352,3,95.29,28.42,1.99
1988,Thomson,SMC,1,2,34886,32104,10924,763,5,94.21,34.03,2.32
1988,Tiong Bahru,GRC,3,2,58898,54864,8600,799,17,94.51,15.68,1.44
1988,Toa Payoh,GRC,3,1,49243,0,0,0,0,,,
1988,Ulu Pandan,SMC,1,2,23587,20902,7970,510,5,90.78,38.13,2.38
1988,Whampoa,SMC,1,2,13819,12648,2396,193,1,92.92,18.94,1.5
1988,Yio Chu Kang,SMC,1,2,15991,14927,7065,449,6,96.15,47.33,2.92
1988,Yuhua,SMC,1,2,19190,18262,4732,354,4,97.01,25.91,1.9
1991,Aljunied,GRC,4,1,94490,0,0,0,0,,,
1991,Ang Mo Kio,GRC,4,1,74004,0,0,0,0,,,
1991,Ayer Rajah,SMC,1,2,21887,20009,10067,773,3,94.95,50.31,3.72
1991,Bedok,GRC,4,2,86246,79230,18988,2276,24,94.5,23.97,2.79
1991,Boon Lay,SMC,1,2,15007,13792,6420,668,3,96.36,46.55,4.62
1991,Braddell Heights,SMC,1,2,27444,25739,1169,486,5,95.56,4.54,1.85
1991,Brickworks,GRC,4,1,101440,0,0,0,0,,,
1991,Bukit Batok,SMC,1,2,24908,23552,858,515,3,96.62,3.64,2.14
1991,Bukit Gombak,SMC,1,2,24961,23420,654,459,7,95.67,2.79,1.92
1991,Bukit Merah,SMC,1,3,11998,11105,2832,193,3,94.17,25.5,1.71
1991,Bukit Timah,SMC,1,3,24512,22134,10397,561,5,92.59,46.97,2.47
1991,Buona Vista,SMC,1,2,14596,13197,7765,596,4,94.5,58.84,4.32
1991,Changi,SMC,1,2,24886,23193,1391,546,5,95.39,6.0,2.3
1991,Cheng San,GRC,4,2,92979,85812,24114,2864,33,95.37,28.1,3.23
1991,Chua Chu Kang,SMC,1,3,22797,21171,9418,769,2,96.24,44.49,3.51
1991,Eunos,GRC,4,2,92728,87506,4160,1889,29,96.41,4.75,2.11
1991,Hong Kah,GRC,4,1,64712,0,0,0,0,,,
1991,Hougang,SMC,1,2,21476,20108,1134,458,3,95.76,5.64,2.23
1991,Jalan Besar,GRC,4,1,82615,0,0,0,0,,,
1991,Jurong,SMC,1,3,31246,29297,9878,743,2,96.14,33.72,2.47
1991,Kampong Glam,GRC,4,1,73317,0,0,0,0,,,
1991,Kreta Ayer,SMC,1,1,17310,0,0,0,0,,,
1991,Leng Kee,SMC,1,2,19027,17411,9251,688,1,95.12,53.13,3.8
1991,Marine Parade,GRC,4,2,74032,66907,36463,2368,28,93.57,54.5,3.42
1991,Mountbatten,SMC,1,2,15497,14148,7910,593,3,95.12,55.91,4.02
1991,Nee Soon Central,SMC,1,2,26806,25250,168,620,3,96.51,0.67,2.4
1991,Nee Soon South,SMC,1,2,27722,26003,1435,573,7,95.87,5.52,2.16
1991,Potong Pasir,SMC,1,2,19263,18068,7096,257,5,95.13,39.27,1.4
1991,Sembawang,GRC,4,1,117951,0,0,0,0,,,
1991,Tampines,GRC,4,2,69801,65301,12387,2017,8,96.44,18.97,3.0
1991,Tanglin,SMC,1,3,16801,13298,5091,257,5,80.68,38.28,1.9
1991,Tanjong Pagar,GRC,4,1,86944,0,0,0,0,,,
1991,Thomson,GRC,4,1,68294,0,0,0,0,,,
1991,Toa Payoh,GRC,4,1,63591,0,0,0,0,,,
1991,Ulu Pandan,SMC,1,2,22299,20254,2598,369,6,92.48,12.83,1.79
1991,Yuhua,SMC,1,2,18797,17707,2183,423,7,96.45,12.33,2.33
1997,Aljunied,GRC,5,2,103466,95944,32654,2971,34,95.6,34.03,3.0
1997,Ang Mo Kio,GRC,5,1,125344,0,0,0,0,,,
1997,Ayer Rajah,SMC,1,2,22025,20612,9550,473,12,95.73,46.33,2.24
1997,Bishan-Toa Payoh,GRC,5,1,122256,0,0,0,0,,,
1997,Boon Lay,SMC,1,2,20014,18769,6045,505,8,96.3,32.21,2.62
1997,Bukit Gombak,SMC,1,3,24909,23378,8586,441,6,95.62,36.73,1.85
1997,Bukit Timah,GRC,5,1,118248,0,0,0,0,,,
1997,Cheng San,GRC,5,2,103323,97685,9421,1812,46,96.3,9.64,1.82
1997,Chua Chu Kang,SMC,1,4,24074,22836,9101,404,6,96.54,39.85,1.74
1997,East Coast,GRC,6,1,142201,0,0,0,0,,,
1997,Hong Kah,GRC,5,2,125452,119102,45262,2431,48,96.88,38.0,2.0
1997,Hougang,SMC,1,2,24423,23194,3722,311,3,96.24,16.05,1.32
1997,Jalan Besar,GRC,4,2,71922,66377,23303,1813,58,94.81,35.11,2.66
1997,Kampong Glam,SMC,1,2,20044,18044,8848,604,13,93.04,49.04,3.24
1997,Kreta Ayer - Tanglin,GRC,4,1,75126,0,0,0,0,,,
1997,MacPherson,SMC,1,2,20734,19259,5833,561,13,95.59,30.29,2.83
1997,Marine Parade,GRC,6,1,142106,0,0,0,0,,,
1997,Nee Soon Central,SMC,1,2,26257,24805,5623,530,10,96.49,22.67,2.09
1997,Pasir Ris,GRC,4,2,85908,80311,33503,2397,31,96.28,41.72,2.9
1997,Potong Pasir,SMC,1,2,18759,17604,1814,240,5,95.12,10.3,1.34
1997,Sembawang,GRC,6,1,154402,0,0,0,0,,,
1997,Tampines,GRC,4,1,94476,0,0,0,0,,,
1997,Tanjong Pagar,GRC,6,1,141520,0,0,0,0,,,
1997,West Coast,GRC,4,2,74022,68825,27725,1762,34,95.36,40.28,2.5
2001,Aljunied,GRC,5,1,125115,0,0,0,0,,,
2001,Ang Mo Kio,GRC,6,1,166644,0,0,0,0,,,
2001,Ayer Rajah,SMC,1,2,18475,17081,12967,339,5,94.29,75.91,1.95
2001,Bishan-Toa Payoh,GRC,5,1,114621,0,0,0,0,,,
2001,Bukit Timah,SMC,1,3,26951,24712,14745,503,10,93.56,59.67,1.99
2001,Chua Chu Kang,SMC,1,2,24863,23492,7206,444,9,96.27,30.67,1.85
2001,East Coast,GRC,6,1,144012,0,0,0,0,,,
2001,Holland-Bukit Timah,GRC,5,1,118834,0,0,0,0,,,
2001,Hong Kah,GRC,5,2,129073,120963,71937,2786,27,95.88,59.47,2.25
2001,Hougang,SMC,1,2,23320,21952,2188,295,3,95.4,9.97,1.33
2001,Jalan Besar,GRC,5,2,100268,91700,44918,1751,40,93.2,48.98,1.87
2001,Joo Chiat,SMC,1,2,21745,18464,12388,585,3,87.6,67.09,3.07
2001,Jurong,GRC,5,2,115113,106253,63231,2945,43,94.86,59.51,2.7
2001,MacPherson,SMC,1,2,22010,20147,13593,577,8,94.16,67.47,2.78
2001,Marine Parade,GRC,6,1,140174,0,0,0,0,,,
2001,Nee Soon Central,SMC,1,2,22975,21338,12172,498,7,95.04,57.04,2.28
2001,Nee Soon East,SMC,1,2,28465,26556,12576,413,11,94.74,47.36,1.53
2001,Pasir Ris-Punggol,GRC,5,1,134151,0,0,0,0,,,
2001,Potong Pasir,SMC,1,2,16616,15463,751,167,9,94.07,4.86,1.07
2001,Sembawang,GRC,6,1,166137,0,0,0,0,,,
2001,Tampines,GRC,5,2,125432,117146,54684,2333,40,95.25,46.68,1.95
2001,Tanjong Pagar,GRC,6,1,141150,0,0,0,0,,,
2001,West Coast,GRC,5,1,110779,0,0,0,0,,,
2006,Aljunied,GRC,5,2,145141,133436,16250,2381,50,93.58,12.18,1.75
2006,Ang Mo Kio,GRC,6,2,159872,146115,47157,2979,44,93.26,32.27,2.0
2006,Bishan-Toa Payoh,GRC,5,1,115323,0,0,0,0,,,
2006,Bukit Panjang,SMC,1,2,30452,28052,15252,893,6,95.05,54.37,3.09
2006,Chua Chu Kang,SMC,1,2,24975,23448,4864,502,2,95.9,20.74,2.1
2006,East Coast,GRC,5,2,116653,104804,29058,2224,32,91.75,27.73,2.08
2006,Holland-Bukit Timah,GRC,5,1,118155,0,0,0,0,,,
2006,Hong Kah,GRC,5,1,144677,0,0,0,0,,,
2006,Hougang,SMC,1,2,23759,22297,5681,277,10,95.01,25.48,1.23
2006,Jalan Besar,GRC,5,2,93025,85064,32762,2123,25,93.72,38.51,2.43
2006,Joo Chiat,SMC,1,2,21858,18806,5646,390,4,87.82,30.02,2.03
2006,Jurong,GRC,5,1,116636,0,0,0,0,,,
2006,MacPherson,SMC,1,2,21041,19251,7117,544,15,94.08,36.97,2.75
2006,Marine Parade,GRC,6,1,155149,0,0,0,0,,,
2006,Nee Soon Central,SMC,1,2,23152,21740,6682,385,7,95.56,30.74,1.74
2006,Nee Soon East,SMC,1,2,32586,30484,11414,544,1,95.22,37.44,1.75
2006,Pasir Ris-Punggol,GRC,6,2,178443,164940,61704,4232,16,94.8,37.41,2.5
2006,Potong Pasir,SMC,1,2,15888,14772,1718,186,4,94.15,11.63,1.24
2006,Sembawang,GRC,6,2,184804,169707,90633,5487,58,94.8,53.41,3.13
2006,Tampines,GRC,5,2,126163,117324,43428,3092,28,95.44,37.02,2.57
2006,Tanjong Pagar,GRC,6,1,148141,0,0,0,0,,,
2006,West Coast,GRC,5,1,137739,0,0,0,0,,,
2006,Yio Chu Kang,SMC,1,2,25072,23033,8419,491,2,93.83,36.55,2.09
2011,Aljunied,GRC,5,2,143148,132118,12460,1788,45,93.54,9.43,1.34
2011,Ang Mo Kio,GRC,6,2,179071,162528,62826,5034,46,93.57,38.66,3.0
2011,Bishan-Toa Payoh,GRC,5,2,122492,109590,15180,2087,22,91.17,13.85,1.87
2011,Bukit Panjang,SMC,1,2,33053,30747,10003,745,5,95.28,32.53,2.37
2011,Chua Chu Kang,GRC,5,2,158648,146595,32825,3064,30,94.33,22.39,2.05
2011,East Coast,GRC,5,2,120324,109421,10563,1848,19,92.47,9.65,1.66
2011,Holland-Bukit Timah,GRC,4,2,91607,81179,16367,1720,34,90.49,20.16,2.07
2011,Hong Kah North,SMC,1,2,27701,25712,10600,573,10,94.89,41.23,2.18
2011,Hougang,SMC,1,2,24560,22915,6785,261,5,94.36,29.61,1.13
2011,Joo Chiat,SMC,1,2,22069,18944,388,315,7,87.27,2.05,1.64
2011,Jurong,GRC,5,2,125276,114381,38809,2706,26,93.46,33.93,2.31
2011,Marine Parade,GRC,5,2,154451,138212,18360,3082,36,91.48,13.28,2.18
2011,Moulmein-Kallang,GRC,4,2,87595,76659,13113,1659,27,89.41,17.11,2.12
2011,Mountbatten,SMC,1,2,23731,20446,3524,419,4,87.92,17.24,2.01
2011,Nee Soon,GRC,5,2,148290,138263,23217,2341,38,94.82,16.79,1.66
2011,Pasir Ris-Punggol,GRC,6,2,168971,155094,45892,4545,31,94.48,29.59,2.85
2011,Pioneer,SMC,1,2,25745,24030,5156,446,7,95.07,21.46,1.82
2011,Potong Pasir,SMC,1,2,17327,15870,114,242,2,92.99,0.72,1.5
2011,Punggol East,SMC,1,3,33281,31158,4217,551,7,95.28,13.53,1.74
2011,Radin Mas,SMC,1,2,31014,27732,9486,669,4,91.57,34.21,2.36
2011,Sembawang,GRC,5,2,142459,131857,36647,3291,16,94.87,27.79,2.44
2011,Sengkang West,SMC,1,2,26882,25280,4098,437,2,95.67,16.21,1.7
2011,Tampines,GRC,5,2,137532,127109,18347,3075,13,94.66,14.43,2.36
2011,Tanjong Pagar,GRC,5,1,139771,0,0,0,0,,,
2011,West Coast,GRC,5,2,121045,109006,36120,2821,26,92.38,33.14,2.52
2011,Whampoa,SMC,1,2,21631,19711,6345,488,6,93.38,32.19,2.42
2011,Yuhua,SMC,1,2,23199,21079,7107,530,3,93.15,33.72,2.45
2015,Aljunied,GRC,5,2,148142,137474,2626,1638,43,93.9,1.91,1.18
2015,Ang Mo Kio,GRC,6,2,187771,172074,98558,4893,34,94.25,57.28,2.76
2015,Bishan-Toa Payoh,GRC,5,2,129975,117809,55593,2415,28,92.5,47.19,2.01
2015,Bukit Batok,SMC,1,3,27077,24972,11646,546,6,94.24,46.64,2.14
2015,Bukit Panjang,SMC,1,2,34317,32106,11802,626,5,95.38,36.76,1.91
2015,Chua Chu Kang,GRC,4,2,119931,110325,59375,2949,29,94.45,53.82,2.6
2015,East Coast,GRC,4,2,99118,90715,19471,1009,39,92.54,21.46,1.1
2015,Fengshan,SMC,1,2,23427,21593,3241,290,5,93.41,15.01,1.33
2015,Holland-Bukit Timah,GRC,4,2,104491,94280,31292,1506,37,91.67,33.19,1.57
2015,Hong Kah North,SMC,1,2,28145,26255,13001,551,3,95.24,49.52,2.06
2015,Hougang,SMC,1,2,24097,22592,3462,236,16,94.73,15.32,1.03
2015,Jalan Besar,GRC,4,2,102540,93946,33342,1550,38,93.13,35.49,1.62
2015,Jurong,GRC,5,2,130498,120097,70359,2436,30,93.9,58.59,1.99
2015,MacPherson,SMC,1,3,28511,26299,8418,416,21,93.7,32.01,1.56
2015,Marine Parade,GRC,5,2,146244,132891,37385,1682,47,92.02,28.13,1.25
2015,Marsiling-Yew Tee,GRC,4,2,107599,99731,37361,2137,22,94.67,37.46,2.1
2015,Mountbatten,SMC,1,2,24143,21335,9327,334,9,89.75,43.72,1.54
2015,Nee Soon,GRC,5,2,132289,123128,41446,1732,50,94.38,33.66,1.39
2015,Pasir Ris-Punggol,GRC,6,2,187396,171716,78616,5314,32,94.47,45.78,3.0
2015,Pioneer,SMC,1,2,25458,23598,12436,658,6,95.28,52.7,2.71
2015,Potong Pasir,SMC,1,2,17407,15970,5234,224,5,93.03,32.77,1.38
2015,Punggol East,SMC,1,2,34466,32795,1159,379,2,96.25,3.53,1.14
2015,Radin Mas,SMC,1,3,28906,26209,16913,769,9,93.33,64.53,2.85
2015,Sembawang,GRC,5,2,144672,133805,59631,3798,34,95.11,44.57,2.76
2015,Sengkang West,SMC,1,2,30119,28307,6865,417,7,95.37,24.25,1.45
2015,Tampines,GRC,5,2,143518,132248,58362,3643,33,94.69,44.13,2.68
2015,Tanjong Pagar,GRC,5,2,130752,116633,64637,2413,53,91.05,55.42,2.03
2015,West Coast,GRC,4,2,99300,90640,51788,2416,16,93.71,57.14,2.6
2015,Yuhua,SMC,1,2,22617,20836,9812,390,2,93.85,47.09,1.84
2020,Aljunied,GRC,5,2,150821,143145,28485,1582,103,95.96,19.9,1.09
2020,Ang Mo Kio,GRC,5,2,185261,173274,75920,5016,90,96.24,43.81,2.81
2020,Bishan-Toa Payoh,GRC,4,2,101220,93679,32287,2049,58,94.57,34.47,2.14
2020,Bukit Batok,SMC,1,2,29948,28287,2713,533,25,96.23,9.59,1.85
2020,Bukit Panjang,SMC,1,2,35437,33661,2509,586,32,96.64,7.45,1.71
2020,Chua Chu Kang,GRC,4,2,106632,101566,17542,1410,62,96.57,17.27,1.37
2020,East Coast,GRC,5,2,121644,114519,7769,1393,98,95.29,6.78,1.2
2020,Holland-Bukit Timah,GRC,4,2,114973,107318,35118,1999,136,95.08,32.72,1.83
2020,Hong Kah North,SMC,1,2,28046,26804,5890,403,14,97.01,21.97,1.48
2020,Hougang,SMC,1,2,26432,25242,5660,272,21,96.53,22.42,1.07
2020,Jalan Besar,GRC,4,2,107720,98892,30370,2948,77,94.54,30.71,2.89
2020,Jurong,GRC,5,2,131058,123106,60586,2519,63,95.85,49.21,2.01
2020,Kebun Baru,SMC,1,2,22623,21151,5467,387,21,95.2,25.85,1.8
2020,MacPherson,SMC,1,2,28513,26498,11520,625,25,95.13,43.47,2.3
2020,Marine Parade,GRC,5,2,139622,130250,20156,1789,108,94.57,15.47,1.35
2020,Marsiling-Yew Tee,GRC,4,2,117077,110503,29123,2097,96,96.18,26.35,1.86
2020,Marymount,SMC,1,2,23431,22116,2230,305,24,95.69,10.08,1.36
2020,Mountbatten,SMC,1,2,24246,22060,10510,589,17,93.41,47.64,2.6
2020,Nee Soon,GRC,5,2,146902,139439,33177,2200,80,96.42,23.79,1.55
2020,Pasir Ris-Punggol,GRC,5,3,166556,157316,63695,3395,78,96.49,40.49,2.11
2020,Pioneer,SMC,1,3,24653,23537,6304,350,36,96.89,26.78,1.47
2020,Potong Pasir,SMC,1,2,19731,18566,3962,279,19,95.51,21.34,1.48
2020,Punggol West,SMC,1,2,26587,25672,5638,217,26,97.37,21.96,0.84
2020,Radin Mas,SMC,1,2,24931,22786,10942,818,31,94.68,48.02,3.47
2020,Sembawang,GRC,5,2,147786,139954,48398,2948,37,96.7,34.58,2.06
2020,Sengkang,GRC,4,2,120100,115536,4898,1194,64,97.19,4.24,1.02
2020,Tampines,GRC,5,2,151589,142543,46793,3521,98,96.36,32.83,2.41
2020,Tanjong Pagar,GRC,5,2,134494,124137,32523,1933,108,93.74,26.2,1.53
2020,West Coast,GRC,5,2,146089,138654,4662,1646,79,96.04,3.36,1.17
2020,Yio Chu Kang,SMC,1,2,25962,24294,5256,413,35,95.17,21.63,1.67
2020,Yuhua,SMC,1,2,21351,20032,8230,406,10,95.72,41.08,1.99
2025,Aljunied,GRC,5,2,144298,132725,25783,1342,80,92.91,19.43,1.0
2025,Ang Mo Kio,GRC,5,3,161499,146365,99688,4399,54,93.35,68.11,2.92
2025,Bishan-Toa Payoh,GRC,4,2,98708,88399,44511,2092,61,91.68,50.35,2.31
2025,Bukit Gombak,SMC,1,2,26427,23672,12220,298,34,90.7,51.62,1.24
2025,Bukit Panjang,SMC,1,2,33596,31203,7101,350,12,93.92,22.76,1.11
2025,Chua Chu Kang,GRC,4,2,93522,86702,23578,1191,66,93.98,27.19,1.36
2025,East Coast,GRC,5,2,151073,136393,23817,1570,94,91.32,17.46,1.14
2025,Holland-Bukit Timah,GRC,4,2,123225,109698,64174,2694,62,91.21,58.5,2.4
2025,Hougang,SMC,1,2,29464,27283,6629,296,19,93.6,24.3,1.07
2025,Jalan Besar,GRC,4,2,106342,93869,47335,3349,99,91.42,50.43,3.44
2025,Jalan Kayu,SMC,1,2,29628,27483,809,377,18,94.03,2.94,1.35
2025,Jurong Central,SMC,1,2,29667,27260,16634,531,20,93.68,61.02,1.91
2025,Jurong East-Bukit Batok,GRC,5,2,142753,130034,69350,3198,60,93.33,53.33,2.4
2025,Kebun Baru,SMC,1,2,22263,20129,7445,325,9,91.87,36.99,1.59
2025,Marsiling-Yew Tee,GRC,4,2,119559,110424,51862,1668,117,93.75,46.97,1.49
2025,Marymount,SMC,1,2,23275,21141,8767,251,16,91.91,41.47,1.17
2025,Mountbatten,SMC,1,2,22843,19745,5459,474,8,88.51,27.65,2.34
2025,Nee Soon,GRC,5,2,151874,139512,66436,3090,95,93.89,47.62,2.17
2025,Pasir Ris-Changi,GRC,4,2,100957,90381,31955,2491,68,91.99,35.36,2.68
2025,Pioneer,SMC,1,2,25207,23470,7250,233,15,94.03,30.89,0.98
2025,Potong Pasir,SMC,1,3,30971,27872,13027,544,25,91.75,46.74,1.91
2025,Punggol,GRC,4,2,123820,115534,11956,823,82,93.97,10.35,0.71
2025,Queenstown,SMC,1,2,28911,25873,16107,705,17,91.93,62.25,2.65
2025,Radin Mas,SMC,1,3,25567,22937,10460,446,26,91.46,45.6,1.91
2025,Sembawang,GRC,5,3,134157,124194,47002,1848,98,93.95,37.85,1.47
2025,Sembawang West,SMC,1,2,24206,22563,1435,269,14,94.32,6.36,1.18
2025,Sengkang,GRC,4,2,126808,118256,14942,927,81,93.99,12.64,0.78
2025,Tampines,GRC,5,4,148119,137631,6392,1262,79,93.77,4.64,0.91
2025,Tampines Changkat,SMC,1,2,23847,22217,2735,224,5,94.1,12.31,1.0
2025,Tanjong Pagar,GRC,5,2,140194,122093,75755,3681,95,89.71,62.05,2.93
2025,West Coast-Jurong West,GRC,5,2,158836,147665,29509,1438,53,93.87,19.98,0.96
2025,Yio Chu Kang,SMC,1,2,25410,22942,13190,559,17,92.49,57.49,2.38
